timeStamp,elapsed,label,responseCode,responseMessage,threadName,dataType,success,failureMessage,bytes,sentBytes,grpThreads,allThreads,URL,Latency,IdleTime,Connect
1646381169627,141,HTTP Request,200,OK,Thread Group 1-8,text,true,,16023,116,25,25,http://www.google.com/,124,0,65
1646381169627,141,HTTP Request,200,OK,Thread Group 1-6,text,true,,16054,116,25,25,http://www.google.com/,124,0,64
1646381169627,141,HTTP Request,200,OK,Thread Group 1-9,text,true,,16028,116,25,25,http://www.google.com/,124,0,65
1646381169658,110,HTTP Request,200,OK,Thread Group 1-14,text,true,,16067,116,25,25,http://www.google.com/,97,0,34
1646381169627,141,HTTP Request,200,OK,Thread Group 1-1,text,true,,16071,116,25,25,http://www.google.com/,124,0,65
1646381169627,142,HTTP Request,200,OK,Thread Group 1-11,text,true,,16091,116,25,25,http://www.google.com/,130,0,64
1646381169627,142,HTTP Request,200,OK,Thread Group 1-5,text,true,,16028,116,25,25,http://www.google.com/,129,0,65
1646381169687,82,HTTP Request,200,OK,Thread Group 1-17,text,true,,16042,116,25,25,http://www.google.com/,69,0,11
1646381169627,144,HTTP Request,200,OK,Thread Group 1-7,text,true,,16000,116,17,17,http://www.google.com/,131,0,65
1646381169627,144,HTTP Request,200,OK,Thread Group 1-2,text,true,,16106,116,17,17,http://www.google.com/,131,0,65
1646381169627,150,HTTP Request,200,OK,Thread Group 1-3,text,true,,16081,116,16,16,http://www.google.com/,137,0,65
1646381169678,99,HTTP Request,200,OK,Thread Group 1-16,text,true,,16047,116,16,16,http://www.google.com/,83,0,14
1646381169627,150,HTTP Request,200,OK,Thread Group 1-4,text,true,,16031,116,16,16,http://www.google.com/,134,0,65
1646381169648,131,HTTP Request,200,OK,Thread Group 1-13,text,true,,16109,116,13,13,http://www.google.com/,117,0,44
1646381169668,116,HTTP Request,200,OK,Thread Group 1-15,text,true,,16054,116,13,13,http://www.google.com/,105,0,24
1646381169694,91,HTTP Request,200,OK,Thread Group 1-18,text,true,,16024,116,13,13,http://www.google.com/,79,0,14
1646381169703,82,HTTP Request,200,OK,Thread Group 1-19,text,true,,15984,116,11,11,http://www.google.com/,72,0,10
1646381169713,77,HTTP Request,200,OK,Thread Group 1-20,text,true,,16062,116,10,10,http://www.google.com/,64,0,11
1646381169627,164,HTTP Request,200,OK,Thread Group 1-10,text,true,,16037,116,10,10,http://www.google.com/,152,0,65
1646381169735,83,HTTP Request,200,OK,Thread Group 1-22,text,true,,16060,116,11,11,http://www.google.com/,71,0,14
1646381169640,182,HTTP Request,200,OK,Thread Group 1-12,text,true,,16023,116,10,10,http://www.google.com/,168,0,52
1646381169725,98,HTTP Request,200,OK,Thread Group 1-21,text,true,,16135,116,10,10,http://www.google.com/,83,0,11
1646381169740,95,HTTP Request,200,OK,Thread Group 1-23,text,true,,16041,116,10,10,http://www.google.com/,85,0,16
1646381169755,98,HTTP Request,200,OK,Thread Group 1-24,text,true,,16052,116,11,11,http://www.google.com/,88,0,12
1646381169766,87,HTTP Request,200,OK,Thread Group 1-25,text,true,,16091,116,11,11,http://www.google.com/,77,0,13
1646381169773,91,HTTP Request,200,OK,Thread Group 1-26,text,true,,16050,116,9,9,http://www.google.com/,80,0,12
1646381169784,94,HTTP Request,200,OK,Thread Group 1-27,text,true,,16040,116,10,10,http://www.google.com/,84,0,13
1646381169804,85,HTTP Request,200,OK,Thread Group 1-29,text,true,,16039,116,10,10,http://www.google.com/,73,0,10
1646381169792,97,HTTP Request,200,OK,Thread Group 1-28,text,true,,16089,116,10,10,http://www.google.com/,85,0,11
1646381169813,92,HTTP Request,200,OK,Thread Group 1-30,text,true,,16081,116,10,10,http://www.google.com/,82,0,12
1646381169823,91,HTTP Request,200,OK,Thread Group 1-31,text,true,,16061,116,10,10,http://www.google.com/,80,0,11
1646381169834,84,HTTP Request,200,OK,Thread Group 1-32,text,true,,16092,116,9,9,http://www.google.com/,75,0,10
1646381169844,84,HTTP Request,200,OK,Thread Group 1-33,text,true,,16056,116,9,9,http://www.google.com/,72,0,11
1646381169853,83,HTTP Request,200,OK,Thread Group 1-34,text,true,,16002,116,9,9,http://www.google.com/,73,0,12
1646381169866,75,HTTP Request,200,OK,Thread Group 1-35,text,true,,16133,116,8,8,http://www.google.com/,64,0,12
1646381169870,84,HTTP Request,200,OK,Thread Group 1-36,text,true,,16022,116,9,9,http://www.google.com/,74,0,12
1646381169883,86,HTTP Request,200,OK,Thread Group 1-37,text,true,,16070,116,9,9,http://www.google.com/,74,0,12
1646381169893,78,HTTP Request,200,OK,Thread Group 1-38,text,true,,16052,116,8,8,http://www.google.com/,68,0,10
1646381169904,82,HTTP Request,200,OK,Thread Group 1-39,text,true,,16072,116,9,9,http://www.google.com/,71,0,10
1646381169924,84,HTTP Request,200,OK,Thread Group 1-41,text,true,,16094,116,10,10,http://www.google.com/,74,0,11
1646381169934,76,HTTP Request,200,OK,Thread Group 1-42,text,true,,16099,116,9,9,http://www.google.com/,65,0,11
1646381169944,88,HTTP Request,200,OK,Thread Group 1-43,text,true,,16005,116,10,10,http://www.google.com/,77,0,13
1646381169912,120,HTTP Request,200,OK,Thread Group 1-40,text,true,,16062,116,9,9,http://www.google.com/,110,0,10
1646381169963,88,HTTP Request,200,OK,Thread Group 1-45,text,true,,16095,116,10,10,http://www.google.com/,76,0,12
1646381169950,101,HTTP Request,200,OK,Thread Group 1-44,text,true,,16089,116,10,10,http://www.google.com/,88,0,11
1646381169983,77,HTTP Request,200,OK,Thread Group 1-47,text,true,,16059,116,9,9,http://www.google.com/,67,0,12
1646381169973,89,HTTP Request,200,OK,Thread Group 1-46,text,true,,16071,116,9,9,http://www.google.com/,79,0,11
1646381169993,79,HTTP Request,200,OK,Thread Group 1-48,text,true,,16078,116,9,9,http://www.google.com/,69,0,11
1646381170004,84,HTTP Request,200,OK,Thread Group 1-49,text,true,,16042,116,9,9,http://www.google.com/,73,0,11
1646381170014,84,HTTP Request,200,OK,Thread Group 1-50,text,true,,16019,116,9,9,http://www.google.com/,75,0,11
1646381170044,88,HTTP Request,200,OK,Thread Group 1-53,text,true,,16067,116,12,12,http://www.google.com/,77,0,10
1646381170034,98,HTTP Request,200,OK,Thread Group 1-52,text,true,,16083,116,12,12,http://www.google.com/,86,0,10
1646381170024,117,HTTP Request,200,OK,Thread Group 1-51,text,true,,16066,116,10,10,http://www.google.com/,107,0,14
1646381170053,91,HTTP Request,200,OK,Thread Group 1-54,text,true,,16029,116,10,10,http://www.google.com/,79,0,11
1646381170061,85,HTTP Request,200,OK,Thread Group 1-55,text,true,,16085,116,9,9,http://www.google.com/,76,0,10
1646381170072,83,HTTP Request,200,OK,Thread Group 1-56,text,true,,16107,116,9,9,http://www.google.com/,73,0,11
1646381170083,80,HTTP Request,200,OK,Thread Group 1-57,text,true,,15985,116,8,8,http://www.google.com/,70,0,10
1646381170099,81,HTTP Request,200,OK,Thread Group 1-59,text,true,,16016,116,9,9,http://www.google.com/,71,0,11
1646381170093,98,HTTP Request,200,OK,Thread Group 1-58,text,true,,16106,116,10,10,http://www.google.com/,87,0,11
1646381170114,80,HTTP Request,200,OK,Thread Group 1-60,text,true,,16088,116,9,9,http://www.google.com/,71,0,13
1646381170120,81,HTTP Request,200,OK,Thread Group 1-61,text,true,,16033,116,8,8,http://www.google.com/,71,0,12
1646381170132,80,HTTP Request,200,OK,Thread Group 1-62,text,true,,16033,116,8,8,http://www.google.com/,69,0,12
1646381170143,90,HTTP Request,200,OK,Thread Group 1-63,text,true,,16077,116,10,10,http://www.google.com/,81,0,11
1646381170164,86,HTTP Request,200,OK,Thread Group 1-65,text,true,,16103,116,10,10,http://www.google.com/,75,0,15
1646381170175,84,HTTP Request,200,OK,Thread Group 1-66,text,true,,16040,116,10,10,http://www.google.com/,74,0,11
1646381170153,108,HTTP Request,200,OK,Thread Group 1-64,text,true,,16030,116,9,9,http://www.google.com/,97,0,11
1646381170192,84,HTTP Request,200,OK,Thread Group 1-68,text,true,,16027,116,10,10,http://www.google.com/,73,0,11
1646381170185,107,HTTP Request,200,OK,Thread Group 1-67,text,true,,16102,116,11,11,http://www.google.com/,97,0,11
1646381170204,91,HTTP Request,200,OK,Thread Group 1-69,text,true,,16082,116,10,10,http://www.google.com/,80,0,10
1646381170214,81,HTTP Request,200,OK,Thread Group 1-70,text,true,,16101,116,10,10,http://www.google.com/,71,0,11
1646381170231,78,HTTP Request,200,OK,Thread Group 1-72,text,true,,16075,116,9,9,http://www.google.com/,67,0,11
1646381170223,104,HTTP Request,200,OK,Thread Group 1-71,text,true,,16030,116,10,10,http://www.google.com/,89,0,10
1646381170244,85,HTTP Request,200,OK,Thread Group 1-73,text,true,,16048,116,9,9,http://www.google.com/,74,0,11
1646381170254,85,HTTP Request,200,OK,Thread Group 1-74,text,true,,15998,116,9,9,http://www.google.com/,75,0,11
1646381170265,83,HTTP Request,200,OK,Thread Group 1-75,text,true,,16057,116,9,9,http://www.google.com/,73,0,11
1646381170292,82,HTTP Request,200,OK,Thread Group 1-78,text,true,,16067,116,10,10,http://www.google.com/,69,0,10
1646381170275,99,HTTP Request,200,OK,Thread Group 1-76,text,true,,15985,116,10,10,http://www.google.com/,86,0,11
1646381170284,96,HTTP Request,200,OK,Thread Group 1-77,text,true,,16067,116,9,9,http://www.google.com/,86,0,14
1646381170302,83,HTTP Request,200,OK,Thread Group 1-79,text,true,,16097,116,9,9,http://www.google.com/,72,0,10
1646381170313,101,HTTP Request,200,OK,Thread Group 1-80,text,true,,16002,116,10,10,http://www.google.com/,91,0,14
1646381170325,93,HTTP Request,200,OK,Thread Group 1-81,text,true,,16118,116,10,10,http://www.google.com/,80,0,12
1646381170350,76,HTTP Request,200,OK,Thread Group 1-84,text,true,,16026,116,10,10,http://www.google.com/,64,0,11
1646381170338,91,HTTP Request,200,OK,Thread Group 1-82,text,true,,16083,116,9,9,http://www.google.com/,80,0,12
1646381170340,99,HTTP Request,200,OK,Thread Group 1-83,text,true,,16074,116,9,9,http://www.google.com/,86,0,11
1646381170384,74,HTTP Request,200,OK,Thread Group 1-87,text,true,,16037,116,10,10,http://www.google.com/,63,0,10
1646381170378,85,HTTP Request,200,OK,Thread Group 1-86,text,true,,16064,116,9,9,http://www.google.com/,74,0,11
1646381170364,104,HTTP Request,200,OK,Thread Group 1-85,text,true,,16059,116,9,9,http://www.google.com/,94,0,10
1646381170394,83,HTTP Request,200,OK,Thread Group 1-88,text,true,,16040,116,9,9,http://www.google.com/,71,0,11
1646381170402,85,HTTP Request,200,OK,Thread Group 1-89,text,true,,16034,116,9,9,http://www.google.com/,75,0,12
1646381170415,79,HTTP Request,200,OK,Thread Group 1-90,text,true,,16052,116,9,9,http://www.google.com/,69,0,11
1646381170430,82,HTTP Request,200,OK,Thread Group 1-92,text,true,,16029,116,10,10,http://www.google.com/,67,0,9
1646381170426,98,HTTP Request,200,OK,Thread Group 1-91,text,true,,16024,116,9,9,http://www.google.com/,86,0,13
1646381170444,80,HTTP Request,200,OK,Thread Group 1-93,text,true,,16092,116,9,9,http://www.google.com/,68,0,10
1646381170465,80,HTTP Request,200,OK,Thread Group 1-95,text,true,,16093,116,7,7,http://www.google.com/,70,0,12
1646381170455,96,HTTP Request,200,OK,Thread Group 1-94,text,true,,16057,116,6,6,http://www.google.com/,86,0,12
1646381170471,93,HTTP Request,200,OK,Thread Group 1-96,text,true,,15987,116,5,5,http://www.google.com/,81,0,12
1646381170492,75,HTTP Request,200,OK,Thread Group 1-98,text,true,,16102,116,4,4,http://www.google.com/,65,0,10
1646381170486,88,HTTP Request,200,OK,Thread Group 1-97,text,true,,16058,116,3,3,http://www.google.com/,78,0,13
1646381170500,103,HTTP Request,200,OK,Thread Group 1-99,text,true,,16072,116,2,2,http://www.google.com/,93,0,13
1646381170510,102,HTTP Request,200,OK,Thread Group 1-100,text,true,,16048,116,1,1,http://www.google.com/,91,0,11
